,loss,dice_coef,val_loss,val_dice_coef,epoch_time
0,0.5053155422210693,0.7449639439582825,0.8827917575836182,0.5529444217681885,926.8314599999999
