,loss,dice_coef,val_loss,val_dice_coef,epoch_time
0,0.19575528800487518,0.9011160731315613,0.00810559093952179,0.9958739280700684,811.9010493000001
