,loss,dice_coef,val_loss,val_dice_coef,epoch_time
0,0.037682633846998215,0.9809345006942749,0.007722723763436079,0.9960797429084778,888.0870737999994
